endereco,cidade,valor_venda,situacao
"Rua do Sol, 861",Jardim dos Ipês,442454.29790117557,anunciado
"Travessa das Palmeiras, 72",Jardim dos Ipês,324045.1266868426,vendido
"Avenida Beira-Mar, 21",Porto Azul,77781.86920730278,vendido
"Avenida Central, 467",Serra Verde,825842.5262600546,vendido
"Travessa das Palmeiras, 459",Vale do Caju,1447424.768377722,anunciado
"Avenida Beira-Mar, 100",Vale do Caju,60000.0,vendido
"Travessa das Palmeiras, 662",Serra Verde,196748.7968125746,vendido
"Avenida Beira-Mar, 770",Jardim dos Ipês,486355.2194817411,vendido
"Rua do Sol, 414",Jardim dos Ipês,140092.2157534632,vendido
"Rua das Acácias, 386",Jardim dos Ipês,370309.5917651778,vendido
"Rua do Sol, 277",Jardim dos Ipês,490159.2600672296,vendido
"Rua das Flores, 460",Serra Verde,20000.0,anunciado
"Avenida Central, 22",Jardim dos Ipês,278392.46004214993,anunciado
"Avenida Beira-Mar, 748",Porto Azul,143120.91535651218,anunciado
"Rua das Flores, 561",Jardim dos Ipês,217585.50886324208,vendido
"Travessa das Palmeiras, 59",Vale do Caju,1081017.0809676247,anunciado
"Avenida Central, 476",Jardim dos Ipês,431503.9214991749,anunciado
"Rua do Sol, 976",Serra Verde,328410.18886492186,anunciado
"Rua das Acácias, 958",Vale do Caju,675703.5635703406,anunciado
"Rua das Acácias, 563",Serra Verde,426524.25995685393,vendido
"Rua do Sol, 567",Serra Verde,309810.6818548714,anunciado
"Rua do Sol, 832",Vale do Caju,761579.752082713,vendido
"Rua das Flores, 131",Serra Verde,37544.12293221615,vendido
"Avenida Beira-Mar, 819",Serra Verde,20000.0,vendido
"Avenida Beira-Mar, 841",Jardim dos Ipês,33754.04145718593,anunciado
"Avenida Central, 388",Porto Azul,177832.9061220215,anunciado
"Rua das Flores, 316",Serra Verde,284184.25047872966,anunciado
"Rua das Acácias, 242",Serra Verde,20000.0,anunciado
"Avenida Central, 777",Serra Verde,429183.5651587622,vendido
"Avenida Central, 565",Jardim dos Ipês,574861.902635819,vendido
"Avenida Central, 340",Porto Azul,90150.63832836642,vendido
"Rua do Sol, 367",Vale do Caju,60000.0,vendido
"Rua do Sol, 455",Jardim dos Ipês,158174.72301961746,vendido
"Rua do Sol, 509",Jardim dos Ipês,470892.1253589388,vendido
"Travessa das Palmeiras, 206",Porto Azul,204852.98585347738,vendido
"Rua das Flores, 932",Porto Azul,57756.731398852105,anunciado
"Avenida Central, 872",Jardim dos Ipês,604234.4275529484,vendido
"Rua do Sol, 2",Vale do Caju,1708968.039555839,anunciado
"Rua das Acácias, 390",Jardim dos Ipês,153398.7873446718,anunciado
"Rua das Acácias, 106",Porto Azul,75670.99970350333,vendido
"Rua do Sol, 822",Vale do Caju,544303.2375723063,vendido
"Avenida Beira-Mar, 703",Porto Azul,99266.7224611454,vendido
"Avenida Central, 730",Vale do Caju,1470322.8047570663,vendido
"Rua do Sol, 162",Serra Verde,385065.8120953188,anunciado
"Avenida Central, 958",Porto Azul,237707.87693505874,vendido
"Rua do Sol, 270",Porto Azul,217356.51431866997,vendido
"Rua das Acácias, 727",Jardim dos Ipês,642905.4136387464,vendido
"Rua do Sol, 702",Porto Azul,44061.445619085964,anunciado
"Avenida Beira-Mar, 720",Porto Azul,188035.85303839162,anunciado
"Avenida Beira-Mar, 338",Serra Verde,20000.0,anunciado
"Avenida Beira-Mar, 792",Porto Azul,18304.442590314167,vendido
"Avenida Central, 217",Serra Verde,285029.32281303057,anunciado
"Rua do Sol, 188",Serra Verde,383641.3225509072,anunciado
"Rua do Sol, 493",Serra Verde,279636.8515940861,anunciado
"Rua das Flores, 157",Serra Verde,186561.51623746436,anunciado
"Avenida Beira-Mar, 65",Vale do Caju,666349.2735041773,vendido
"Rua das Flores, 839",Jardim dos Ipês,573888.1952848209,anunciado
"Rua das Flores, 344",Vale do Caju,669580.6932719157,anunciado
"Rua das Flores, 648",Porto Azul,324924.1622043528,vendido
"Travessa das Palmeiras, 499",Vale do Caju,1376410.24412468,vendido
"Rua das Flores, 392",Vale do Caju,1174522.407688938,anunciado
"Travessa das Palmeiras, 419",Porto Azul,30640.308967900448,vendido
"Rua das Flores, 379",Porto Azul,243523.8161399627,vendido
"Avenida Beira-Mar, 490",Porto Azul,100622.94222515007,anunciado
"Avenida Central, 41",Vale do Caju,183336.1451965801,vendido
"Rua do Sol, 135",Vale do Caju,1207706.1678476264,vendido
"Rua das Flores, 840",Porto Azul,11205.393943346018,anunciado
"Rua do Sol, 930",Jardim dos Ipês,147551.70757408356,vendido
"Rua das Flores, 48",Jardim dos Ipês,297976.8177062177,vendido
"Rua das Acácias, 728",Serra Verde,743684.2848229455,vendido
"Avenida Beira-Mar, 99",Porto Azul,81308.42442075125,anunciado
"Rua do Sol, 872",Serra Verde,208356.69613988494,vendido
"Rua das Acácias, 987",Jardim dos Ipês,446469.01088432904,anunciado
"Travessa das Palmeiras, 961",Serra Verde,52340.862324790796,anunciado
"Travessa das Palmeiras, 613",Porto Azul,194280.63810209156,vendido
"Rua das Acácias, 643",Porto Azul,270592.6807616588,anunciado
"Rua das Flores, 5",Porto Azul,119290.51152888987,vendido
"Avenida Central, 503",Vale do Caju,1515692.5688381193,anunciado
"Rua das Acácias, 871",Serra Verde,358289.98464236123,vendido
"Travessa das Palmeiras, 393",Jardim dos Ipês,153863.6072392439,anunciado
"Avenida Central, 554",Jardim dos Ipês,260439.06282069872,vendido
"Rua do Sol, 461",Jardim dos Ipês,224048.53200395158,vendido
"Travessa das Palmeiras, 575",Vale do Caju,847417.0453101135,anunciado
"Rua das Flores, 564",Vale do Caju,991630.7395318971,vendido
"Avenida Beira-Mar, 96",Porto Azul,208819.9934971857,vendido
"Rua do Sol, 734",Jardim dos Ipês,401733.6499174271,vendido
"Avenida Beira-Mar, 407",Vale do Caju,60000.0,anunciado
"Avenida Beira-Mar, 655",Porto Azul,140269.18112279734,anunciado
"Travessa das Palmeiras, 541",Jardim dos Ipês,20000.0,vendido
"Rua do Sol, 525",Serra Verde,244854.54950653482,vendido
"Travessa das Palmeiras, 243",Porto Azul,137621.041218908,vendido
"Rua das Acácias, 796",Vale do Caju,1485689.0148508255,anunciado
"Avenida Central, 682",Vale do Caju,881930.7197399403,anunciado
"Avenida Beira-Mar, 574",Porto Azul,175921.801834326,vendido
"Rua das Flores, 646",Porto Azul,229305.6380657429,vendido
"Rua do Sol, 28",Vale do Caju,1636651.3558915802,vendido
"Rua do Sol, 556",Serra Verde,275397.2153286179,vendido
"Rua do Sol, 798",Jardim dos Ipês,318835.88833608176,vendido
"Rua das Acácias, 331",Serra Verde,302004.66044845077,vendido
"Avenida Central, 348",Porto Azul,95740.10355689237,anunciado
"Rua das Flores, 231",Serra Verde,146176.95531152206,vendido
"Rua das Acácias, 225",Vale do Caju,60000.0,anunciado
"Rua das Flores, 377",Porto Azul,42333.906547567036,vendido
"Travessa das Palmeiras, 958",Jardim dos Ipês,20000.0,anunciado
"Rua das Flores, 628",Vale do Caju,1653119.0906719514,anunciado
"Avenida Beira-Mar, 745",Vale do Caju,1013049.6049784571,vendido
"Travessa das Palmeiras, 359",Jardim dos Ipês,274812.20541063324,vendido
"Rua das Acácias, 456",Jardim dos Ipês,156502.96278378367,anunciado
"Travessa das Palmeiras, 649",Serra Verde,305955.8526469248,vendido
"Rua das Acácias, 677",Porto Azul,65202.01223446659,anunciado
"Rua das Flores, 819",Jardim dos Ipês,334803.71132412076,vendido
"Avenida Central, 684",Jardim dos Ipês,349146.79658427066,anunciado
"Travessa das Palmeiras, 374",Porto Azul,63861.629764325626,vendido
"Rua das Flores, 692",Jardim dos Ipês,123907.60703551883,anunciado
"Rua das Flores, 830",Jardim dos Ipês,492439.8709190235,anunciado
"Rua das Flores, 442",Serra Verde,289428.0091417399,anunciado
"Rua do Sol, 268",Vale do Caju,431387.7424410656,vendido
"Rua das Acácias, 807",Vale do Caju,677696.2189862886,anunciado
"Avenida Central, 387",Vale do Caju,293643.5479760357,vendido
"Rua das Flores, 613",Vale do Caju,859689.8516028498,anunciado
"Rua das Flores, 952",Jardim dos Ipês,466325.66153289366,vendido
"Rua das Flores, 699",Porto Azul,147232.93324057385,anunciado
"Rua das Flores, 2",Porto Azul,386363.34436753846,vendido
"Avenida Central, 220",Serra Verde,384271.9136098003,anunciado
"Rua das Acácias, 855",Serra Verde,345990.8895684425,anunciado
"Avenida Beira-Mar, 736",Jardim dos Ipês,118339.57380683886,anunciado
"Rua das Flores, 385",Porto Azul,126146.65531573333,vendido
"Travessa das Palmeiras, 638",Porto Azul,72098.61569663078,vendido
"Avenida Central, 53",Vale do Caju,60000.0,anunciado
"Rua do Sol, 730",Jardim dos Ipês,494852.4444257615,vendido
"Rua das Acácias, 416",Jardim dos Ipês,197709.88888995379,vendido
"Rua do Sol, 439",Vale do Caju,443759.95540001633,anunciado
"Travessa das Palmeiras, 184",Jardim dos Ipês,342114.006791693,anunciado
"Travessa das Palmeiras, 401",Jardim dos Ipês,402499.9104443034,vendido
"Rua das Acácias, 280",Serra Verde,235845.03341874425,anunciado
"Avenida Beira-Mar, 884",Porto Azul,149739.83323909817,anunciado
"Avenida Central, 198",Jardim dos Ipês,449237.4814628806,vendido
"Rua das Acácias, 907",Serra Verde,227961.28107801045,anunciado
"Rua das Flores, 201",Porto Azul,180233.3741763334,vendido
"Rua do Sol, 187",Vale do Caju,60000.0,vendido
"Rua das Acácias, 464",Serra Verde,51736.20031445028,vendido
"Avenida Beira-Mar, 771",Serra Verde,421107.9556160807,vendido
"Rua do Sol, 764",Porto Azul,20644.13608327016,anunciado
"Travessa das Palmeiras, 932",Vale do Caju,1040482.5282679778,vendido
"Travessa das Palmeiras, 346",Serra Verde,270600.2435605855,vendido
"Travessa das Palmeiras, 511",Jardim dos Ipês,227106.54749595423,vendido
"Travessa das Palmeiras, 148",Jardim dos Ipês,134307.44620645436,anunciado
"Rua do Sol, 489",Jardim dos Ipês,481868.0036210751,anunciado
"Rua das Flores, 936",Vale do Caju,1937934.6927119012,vendido
"Avenida Central, 872",Serra Verde,360038.4325200389,vendido
"Rua das Flores, 779",Jardim dos Ipês,364498.14313456346,anunciado
"Rua do Sol, 953",Vale do Caju,490601.62208550354,vendido
"Rua das Flores, 946",Jardim dos Ipês,60780.55363512403,vendido
"Rua das Acácias, 298",Porto Azul,146026.10951938256,vendido
"Travessa das Palmeiras, 263",Serra Verde,105250.07040838481,anunciado
"Rua do Sol, 144",Serra Verde,20000.0,vendido
"Avenida Central, 624",Vale do Caju,1382067.4874193494,vendido
"Rua das Flores, 572",Vale do Caju,1411300.0729510998,vendido
"Rua das Flores, 2",Serra Verde,128232.24540938114,anunciado
"Rua das Flores, 304",Jardim dos Ipês,348792.86425584886,vendido
"Rua das Acácias, 652",Jardim dos Ipês,500390.45355835336,anunciado
"Avenida Beira-Mar, 37",Porto Azul,170502.6687061879,vendido
"Travessa das Palmeiras, 9",Jardim dos Ipês,61369.0707802533,vendido
"Rua das Flores, 99",Vale do Caju,760263.9520577408,anunciado
"Travessa das Palmeiras, 816",Vale do Caju,1696085.6520251944,vendido
"Travessa das Palmeiras, 404",Jardim dos Ipês,349405.3287210226,anunciado
"Rua das Acácias, 120",Vale do Caju,1223479.2619096832,anunciado
"Rua das Flores, 920",Serra Verde,368325.8438738229,anunciado
"Rua do Sol, 587",Serra Verde,128897.72840434936,vendido
"Rua das Flores, 968",Jardim dos Ipês,175830.95614347144,anunciado
"Rua do Sol, 422",Serra Verde,367773.0314103485,vendido
"Rua do Sol, 254",Serra Verde,463374.3560040816,anunciado
"Travessa das Palmeiras, 112",Porto Azul,259990.49509178827,anunciado
"Rua das Acácias, 473",Porto Azul,64189.44552318065,anunciado
"Travessa das Palmeiras, 153",Serra Verde,386624.10693543876,vendido
"Avenida Beira-Mar, 914",Jardim dos Ipês,537408.8223437953,vendido
"Rua das Acácias, 338",Porto Azul,51291.82297119775,vendido
"Avenida Central, 822",Vale do Caju,1792048.2814798644,anunciado
"Travessa das Palmeiras, 720",Vale do Caju,1883364.4964065137,vendido
"Avenida Beira-Mar, 681",Vale do Caju,2475051.8037729966,vendido
"Rua do Sol, 161",Jardim dos Ipês,346186.68816599896,anunciado
"Rua do Sol, 801",Serra Verde,347284.9352524897,anunciado
"Rua das Acácias, 277",Vale do Caju,1396196.6334703905,vendido
"Rua do Sol, 504",Jardim dos Ipês,459560.5346098833,anunciado
"Travessa das Palmeiras, 401",Porto Azul,262636.6860995606,vendido
"Rua das Flores, 688",Serra Verde,456806.6360930208,vendido
"Rua do Sol, 955",Porto Azul,139393.80909619614,vendido
"Travessa das Palmeiras, 470",Jardim dos Ipês,544399.4241947004,vendido
"Rua das Acácias, 750",Vale do Caju,257247.51018436454,vendido
"Rua das Acácias, 38",Vale do Caju,903511.4020352259,anunciado
"Rua das Acácias, 365",Jardim dos Ipês,612747.1232099598,vendido
"Travessa das Palmeiras, 438",Vale do Caju,149852.10112780833,vendido
"Travessa das Palmeiras, 27",Serra Verde,164504.8686005674,anunciado
"Avenida Central, 277",Jardim dos Ipês,434349.45821545826,vendido
"Rua das Acácias, 609",Porto Azul,189391.19732361523,vendido
"Rua do Sol, 879",Jardim dos Ipês,124994.91846875101,anunciado
"Rua das Flores, 453",Serra Verde,216761.1994539719,anunciado
"Rua do Sol, 829",Serra Verde,63843.58746993219,anunciado
"Travessa das Palmeiras, 516",Jardim dos Ipês,496096.9999041144,anunciado
"Travessa das Palmeiras, 192",Jardim dos Ipês,248823.72846589366,anunciado
"Rua das Flores, 512",Vale do Caju,1975293.5464563794,vendido
"Rua das Flores, 172",Serra Verde,316220.0488080043,anunciado
"Rua do Sol, 158",Jardim dos Ipês,256051.93931942462,vendido
"Avenida Beira-Mar, 46",Jardim dos Ipês,236635.64774164048,anunciado
"Avenida Beira-Mar, 518",Serra Verde,251160.0329615143,vendido
"Travessa das Palmeiras, 892",Jardim dos Ipês,322164.2190267606,vendido
"Rua das Flores, 37",Vale do Caju,2407444.545946991,vendido
"Avenida Beira-Mar, 497",Serra Verde,232228.06598012813,anunciado
"Rua das Acácias, 181",Vale do Caju,716187.9235372143,vendido
"Travessa das Palmeiras, 700",Vale do Caju,939356.3074099071,anunciado
"Rua das Flores, 116",Vale do Caju,1554164.7038065563,anunciado
"Avenida Beira-Mar, 981",Vale do Caju,60000.0,vendido
"Rua das Flores, 256",Serra Verde,391018.54738192906,anunciado
"Travessa das Palmeiras, 128",Vale do Caju,409544.8943873028,anunciado
"Avenida Central, 793",Vale do Caju,1231963.6133705694,anunciado
"Avenida Central, 735",Jardim dos Ipês,201248.01152790876,vendido
"Rua das Acácias, 570",Serra Verde,20000.0,vendido
"Travessa das Palmeiras, 872",Serra Verde,373915.52053749707,vendido
"Rua das Acácias, 792",Porto Azul,186114.47703468686,vendido
"Avenida Central, 288",Serra Verde,184183.93830411404,anunciado
"Rua das Acácias, 663",Serra Verde,172331.22797139952,vendido
"Avenida Central, 639",Porto Azul,18862.72749123475,anunciado
"Travessa das Palmeiras, 490",Serra Verde,454619.9883077743,vendido
"Avenida Central, 986",Serra Verde,476443.1564933616,vendido
"Rua das Flores, 104",Serra Verde,124189.82296482203,anunciado
"Rua das Flores, 393",Serra Verde,192013.10809222984,anunciado
"Travessa das Palmeiras, 246",Porto Azul,143671.08788610366,vendido
"Avenida Beira-Mar, 682",Serra Verde,754173.0562071092,vendido
"Avenida Central, 867",Serra Verde,409024.3495177864,vendido
"Avenida Central, 921",Porto Azul,55658.44849916207,vendido
"Avenida Beira-Mar, 828",Jardim dos Ipês,360756.0618981011,vendido
"Avenida Central, 903",Vale do Caju,73985.07561715093,vendido
"Rua das Flores, 36",Jardim dos Ipês,443598.06198323413,vendido
"Avenida Beira-Mar, 20",Porto Azul,317554.7393544485,anunciado
"Rua das Flores, 776",Vale do Caju,1907875.0110503747,vendido
"Rua das Acácias, 400",Porto Azul,223489.35034743388,vendido
"Rua das Acácias, 972",Porto Azul,91658.76441318705,vendido
"Travessa das Palmeiras, 471",Serra Verde,39819.64869717482,anunciado
"Rua do Sol, 354",Vale do Caju,60000.0,anunciado
"Avenida Central, 800",Serra Verde,20000.0,vendido
"Rua das Acácias, 51",Vale do Caju,1316313.457804753,anunciado
"Rua das Flores, 698",Porto Azul,139716.44797756005,vendido
"Rua das Acácias, 125",Porto Azul,240921.61664531275,vendido
"Rua das Acácias, 314",Jardim dos Ipês,585606.2970469575,vendido
"Avenida Central, 342",Vale do Caju,959943.3263414459,vendido
"Rua das Flores, 692",Serra Verde,329192.32194263005,anunciado
"Avenida Central, 838",Jardim dos Ipês,207135.9311005067,anunciado
"Rua das Acácias, 444",Jardim dos Ipês,230783.11656551837,vendido
"Avenida Beira-Mar, 993",Jardim dos Ipês,445693.9824945868,anunciado
"Avenida Beira-Mar, 572",Serra Verde,265124.9939269379,anunciado
"Rua do Sol, 620",Jardim dos Ipês,236198.46664943523,vendido
"Avenida Beira-Mar, 103",Serra Verde,296336.62811142975,vendido
"Rua do Sol, 774",Jardim dos Ipês,477266.0392123179,vendido
"Avenida Beira-Mar, 992",Serra Verde,161467.68843397946,vendido
"Rua do Sol, 350",Porto Azul,143347.14824479673,vendido
"Travessa das Palmeiras, 823",Porto Azul,174527.78377784297,vendido
"Rua do Sol, 656",Porto Azul,266022.1903585239,vendido
"Avenida Beira-Mar, 370",Porto Azul,126070.32232005811,anunciado
"Rua do Sol, 106",Porto Azul,78217.66139482778,vendido
"Rua das Acácias, 659",Jardim dos Ipês,203127.81114552892,anunciado
"Rua das Flores, 120",Jardim dos Ipês,510611.4866030759,vendido
"Travessa das Palmeiras, 604",Jardim dos Ipês,706661.0597206929,anunciado
"Avenida Central, 951",Serra Verde,37248.43726279342,anunciado
"Avenida Central, 741",Serra Verde,80939.67698602859,anunciado
"Avenida Central, 117",Serra Verde,266240.64265957096,vendido
"Rua das Acácias, 791",Serra Verde,322191.2192136087,anunciado
"Rua das Flores, 908",Porto Azul,228696.95655549952,vendido
"Avenida Beira-Mar, 641",Porto Azul,60886.699139851364,vendido
"Avenida Central, 634",Porto Azul,43689.096335053575,vendido
"Rua das Flores, 751",Vale do Caju,982852.2918801778,vendido
"Avenida Central, 96",Jardim dos Ipês,248319.8559585663,vendido
"Rua das Acácias, 118",Serra Verde,485344.19955430494,anunciado
"Rua das Flores, 488",Serra Verde,397471.96063807677,anunciado
"Avenida Beira-Mar, 885",Porto Azul,205537.9347633219,vendido
"Rua das Flores, 272",Serra Verde,279103.7307246267,anunciado
"Avenida Beira-Mar, 999",Serra Verde,771116.0517136412,vendido
"Avenida Beira-Mar, 790",Jardim dos Ipês,132450.40368124802,anunciado
"Avenida Beira-Mar, 247",Porto Azul,211080.9833754775,vendido
"Travessa das Palmeiras, 76",Jardim dos Ipês,46062.002585378534,vendido
"Avenida Central, 656",Vale do Caju,255919.3933563286,anunciado
"Travessa das Palmeiras, 997",Vale do Caju,535592.640740727,anunciado
"Rua das Acácias, 697",Vale do Caju,1877594.0019708155,anunciado
"Avenida Beira-Mar, 974",Porto Azul,176389.44304540192,anunciado
"Rua do Sol, 69",Serra Verde,181904.38629112497,anunciado
"Rua das Flores, 94",Porto Azul,187443.6325954573,anunciado
"Rua das Acácias, 958",Porto Azul,153514.78814245085,anunciado
"Rua do Sol, 453",Serra Verde,201605.32617217605,anunciado
"Rua do Sol, 912",Jardim dos Ipês,20674.228842354496,vendido
"Avenida Central, 474",Vale do Caju,1763125.4907073742,anunciado
"Avenida Beira-Mar, 551",Jardim dos Ipês,341963.6257420084,vendido
"Rua do Sol, 289",Vale do Caju,2204243.0240809433,anunciado
"Rua das Acácias, 734",Porto Azul,244032.16205408797,anunciado
"Avenida Beira-Mar, 23",Vale do Caju,1230791.8348566254,anunciado
"Avenida Central, 522",Porto Azul,106479.5671383033,anunciado
"Rua das Acácias, 837",Jardim dos Ipês,80930.88722861666,anunciado
"Rua do Sol, 802",Porto Azul,128226.90155115529,vendido
"Rua do Sol, 223",Jardim dos Ipês,75141.48115883383,anunciado
"Avenida Central, 762",Serra Verde,430038.0761461509,vendido
"Travessa das Palmeiras, 442",Serra Verde,626530.4995394261,vendido
"Rua das Flores, 325",Serra Verde,247817.54677657396,vendido
"Avenida Beira-Mar, 516",Porto Azul,244449.0972391197,vendido
"Avenida Central, 497",Serra Verde,162154.18595662867,vendido
"Rua do Sol, 896",Vale do Caju,718519.8970755893,anunciado
"Travessa das Palmeiras, 852",Jardim dos Ipês,137007.2030869114,vendido
"Rua do Sol, 690",Jardim dos Ipês,20000.0,vendido
"Travessa das Palmeiras, 380",Vale do Caju,878079.9900488337,vendido
"Rua das Flores, 929",Porto Azul,162845.17375977527,vendido
"Avenida Beira-Mar, 691",Porto Azul,256586.09987616376,anunciado
"Travessa das Palmeiras, 613",Jardim dos Ipês,459087.6505338575,vendido
"Rua do Sol, 835",Serra Verde,461790.5798077991,vendido
"Rua das Flores, 417",Porto Azul,52596.377688212306,vendido
"Avenida Central, 43",Porto Azul,195949.7306070692,vendido
"Rua do Sol, 285",Vale do Caju,1849556.3792889551,vendido
"Avenida Beira-Mar, 12",Vale do Caju,1127920.7104254486,vendido
"Rua das Acácias, 898",Serra Verde,665718.7226129995,anunciado
"Avenida Beira-Mar, 499",Porto Azul,351896.61111198633,anunciado
"Avenida Central, 35",Porto Azul,123153.17297083545,vendido
"Rua das Flores, 90",Vale do Caju,481836.1529516571,anunciado
"Avenida Beira-Mar, 922",Porto Azul,73853.783458105,vendido
"Avenida Central, 602",Jardim dos Ipês,20000.0,vendido
"Rua das Acácias, 418",Vale do Caju,588958.260350687,anunciado
"Travessa das Palmeiras, 617",Serra Verde,541533.0899512493,vendido
"Rua do Sol, 826",Vale do Caju,60000.0,anunciado
"Avenida Beira-Mar, 626",Porto Azul,46254.65992862536,vendido
"Avenida Beira-Mar, 75",Serra Verde,274573.71166960045,vendido
"Avenida Beira-Mar, 376",Vale do Caju,373688.8796269799,vendido
"Rua do Sol, 729",Jardim dos Ipês,194542.81115195592,anunciado
"Avenida Beira-Mar, 761",Jardim dos Ipês,197534.0651155393,anunciado
"Rua do Sol, 394",Vale do Caju,745475.8679629507,anunciado
"Avenida Beira-Mar, 457",Jardim dos Ipês,154109.06077805226,vendido
"Travessa das Palmeiras, 689",Jardim dos Ipês,137757.35722889038,vendido
"Travessa das Palmeiras, 548",Jardim dos Ipês,486861.94918424624,vendido
"Avenida Central, 999",Serra Verde,509930.83557206905,vendido
"Rua das Acácias, 736",Jardim dos Ipês,23891.33095051814,anunciado
"Avenida Beira-Mar, 780",Jardim dos Ipês,20000.0,vendido
"Rua das Flores, 695",Jardim dos Ipês,512674.96991418616,anunciado
"Avenida Beira-Mar, 279",Serra Verde,54239.91628957249,anunciado
"Rua das Flores, 867",Vale do Caju,1027646.9030758438,vendido
"Rua das Flores, 798",Porto Azul,10000.0,anunciado
"Rua das Flores, 881",Jardim dos Ipês,559550.9970519344,vendido
"Rua das Acácias, 596",Vale do Caju,2426200.7371809166,vendido
"Rua das Flores, 342",Jardim dos Ipês,336561.38184106734,vendido
"Avenida Beira-Mar, 699",Serra Verde,281179.4703080967,vendido
"Travessa das Palmeiras, 177",Vale do Caju,706716.2548859617,vendido
"Rua do Sol, 396",Serra Verde,456359.86226258235,vendido
"Avenida Beira-Mar, 233",Jardim dos Ipês,413537.3501869171,vendido
"Travessa das Palmeiras, 76",Jardim dos Ipês,500699.69071057293,vendido
"Rua das Flores, 455",Serra Verde,174416.69548038347,anunciado
"Rua do Sol, 718",Porto Azul,184011.7706404645,anunciado
"Rua do Sol, 851",Serra Verde,191506.38665876078,vendido
"Avenida Central, 367",Jardim dos Ipês,88456.87038598914,vendido
"Avenida Beira-Mar, 69",Serra Verde,291796.9157993073,anunciado
"Travessa das Palmeiras, 396",Porto Azul,57748.72696229178,vendido
"Rua das Flores, 948",Serra Verde,534745.3995485177,anunciado
"Travessa das Palmeiras, 469",Porto Azul,63807.96219841771,vendido
"Rua do Sol, 565",Porto Azul,186354.59406873598,vendido
"Rua das Flores, 39",Serra Verde,179315.54024805553,vendido
"Avenida Beira-Mar, 693",Serra Verde,355412.5500875024,vendido
"Avenida Central, 186",Vale do Caju,585602.0559267862,anunciado
"Rua das Acácias, 223",Jardim dos Ipês,48557.7450284925,vendido
"Avenida Central, 133",Porto Azul,198377.27409518452,anunciado
"Travessa das Palmeiras, 215",Vale do Caju,758750.626852067,anunciado
"Avenida Beira-Mar, 235",Serra Verde,357196.98814449186,vendido
"Travessa das Palmeiras, 658",Jardim dos Ipês,214231.4128739125,anunciado
"Rua do Sol, 9",Vale do Caju,103238.09173892881,vendido
"Avenida Central, 954",Porto Azul,258317.85970562563,vendido
"Rua do Sol, 913",Vale do Caju,1342054.653264653,anunciado
"Avenida Beira-Mar, 230",Porto Azul,93303.90244467562,vendido
"Rua das Acácias, 653",Serra Verde,313955.8426997596,anunciado
"Avenida Central, 393",Jardim dos Ipês,508403.8966325874,vendido
"Avenida Central, 795",Jardim dos Ipês,208592.33282752061,anunciado
"Avenida Central, 194",Jardim dos Ipês,239623.09896188966,anunciado
"Avenida Beira-Mar, 29",Serra Verde,348726.50000147475,anunciado
"Avenida Beira-Mar, 422",Porto Azul,104090.8936445414,anunciado
"Travessa das Palmeiras, 648",Serra Verde,471418.3993974045,anunciado
"Avenida Beira-Mar, 833",Jardim dos Ipês,266219.84393851244,vendido
"Rua das Acácias, 500",Serra Verde,143192.8250012052,anunciado
"Rua das Flores, 511",Serra Verde,421727.76597479894,vendido
"Rua das Flores, 301",Serra Verde,71573.87011373063,vendido
"Rua do Sol, 804",Porto Azul,351487.8561124214,vendido
"Rua das Acácias, 252",Vale do Caju,1849497.8181481215,anunciado
"Travessa das Palmeiras, 445",Vale do Caju,1208097.2861526092,vendido
"Rua do Sol, 182",Serra Verde,385866.2043639804,vendido
"Travessa das Palmeiras, 714",Vale do Caju,1129464.850691579,vendido
"Avenida Central, 531",Vale do Caju,606543.1284486557,anunciado
"Rua das Acácias, 451",Serra Verde,359461.92913616844,anunciado
"Avenida Beira-Mar, 653",Serra Verde,115373.47790843033,vendido
"Avenida Central, 220",Jardim dos Ipês,400763.6836880362,vendido
"Rua das Acácias, 58",Vale do Caju,1420708.1658187772,anunciado
"Rua do Sol, 476",Porto Azul,112191.38990166655,vendido
"Avenida Beira-Mar, 895",Serra Verde,180979.64116905612,vendido
"Rua das Flores, 935",Jardim dos Ipês,57504.59507041806,anunciado
"Rua das Flores, 387",Porto Azul,295795.5233565691,anunciado
"Avenida Beira-Mar, 348",Vale do Caju,590601.5796946732,vendido
"Rua das Acácias, 505",Jardim dos Ipês,260252.19279667537,anunciado
"Rua do Sol, 369",Serra Verde,360031.11699914513,anunciado
"Rua das Flores, 824",Porto Azul,178220.76428899347,vendido
"Rua das Flores, 934",Serra Verde,449312.01913621393,anunciado
"Avenida Beira-Mar, 134",Vale do Caju,672402.0480970028,anunciado
"Avenida Central, 556",Porto Azul,36133.20615290869,anunciado
"Avenida Beira-Mar, 672",Vale do Caju,111800.81461661041,anunciado
"Avenida Beira-Mar, 829",Vale do Caju,552446.860294292,vendido
"Avenida Beira-Mar, 80",Jardim dos Ipês,109629.9050650752,vendido
"Rua das Acácias, 213",Serra Verde,239276.65893844835,vendido
"Travessa das Palmeiras, 764",Porto Azul,280757.88107599824,vendido
"Avenida Beira-Mar, 676",Vale do Caju,673633.0764697867,vendido
"Travessa das Palmeiras, 659",Vale do Caju,673409.483199266,anunciado
"Rua do Sol, 441",Porto Azul,148360.12237442116,anunciado
"Avenida Central, 47",Vale do Caju,656625.0052727603,anunciado
"Rua das Flores, 305",Jardim dos Ipês,286521.7528563612,anunciado
"Rua das Acácias, 143",Jardim dos Ipês,408173.8444962693,anunciado
"Rua das Flores, 373",Jardim dos Ipês,476950.21095266275,vendido
"Rua das Acácias, 886",Jardim dos Ipês,500642.63994780474,vendido
"Travessa das Palmeiras, 656",Vale do Caju,2134111.3324386124,vendido
"Rua das Flores, 971",Porto Azul,206935.9446172438,anunciado
"Rua do Sol, 330",Porto Azul,373447.8901349309,vendido
"Rua das Acácias, 972",Porto Azul,72351.81919403569,anunciado
"Rua do Sol, 373",Porto Azul,359128.49024245853,vendido
"Avenida Central, 348",Serra Verde,223924.78915608197,anunciado
"Rua do Sol, 90",Porto Azul,121798.10692369645,anunciado
"Avenida Central, 316",Serra Verde,276025.49051542534,anunciado
"Avenida Central, 540",Serra Verde,256275.85776825377,anunciado
"Rua do Sol, 869",Jardim dos Ipês,317168.0793453006,anunciado
"Rua das Flores, 740",Serra Verde,183994.39950231212,anunciado
"Travessa das Palmeiras, 502",Vale do Caju,1397977.3038428233,anunciado
"Rua das Flores, 201",Serra Verde,189432.99307576407,anunciado
"Rua das Flores, 724",Jardim dos Ipês,431122.0796505783,anunciado
"Avenida Beira-Mar, 732",Serra Verde,605544.7239047529,vendido
"Avenida Beira-Mar, 909",Vale do Caju,685738.5781153562,vendido
"Rua das Acácias, 547",Vale do Caju,1376630.0507875064,vendido
"Avenida Beira-Mar, 390",Vale do Caju,1235495.5733419107,vendido
"Avenida Central, 883",Jardim dos Ipês,750577.37644395,vendido
"Avenida Beira-Mar, 815",Jardim dos Ipês,199033.88703101,anunciado
"Rua das Flores, 450",Porto Azul,229507.1616805784,anunciado
"Avenida Central, 824",Jardim dos Ipês,20000.0,anunciado
"Rua das Acácias, 242",Vale do Caju,602484.9535579123,vendido
"Travessa das Palmeiras, 877",Vale do Caju,1112035.7025581447,vendido
"Avenida Beira-Mar, 119",Jardim dos Ipês,578631.9938179562,vendido
"Rua das Flores, 374",Serra Verde,54813.327003159444,vendido
"Rua das Flores, 146",Jardim dos Ipês,457218.1281482221,vendido
"Rua das Flores, 779",Jardim dos Ipês,287355.3087034082,vendido
"Avenida Beira-Mar, 282",Vale do Caju,60000.0,anunciado
"Rua das Flores, 854",Porto Azul,168158.684594879,anunciado
"Travessa das Palmeiras, 795",Vale do Caju,1925496.739786927,vendido
"Rua das Flores, 461",Porto Azul,37957.734008838306,vendido
"Rua das Flores, 610",Vale do Caju,834037.3707778899,vendido
"Rua das Flores, 99",Jardim dos Ipês,102672.20307208676,vendido
"Rua das Flores, 405",Vale do Caju,618850.2408539905,anunciado
"Rua das Acácias, 476",Vale do Caju,1759302.0861147798,vendido
"Rua das Flores, 709",Vale do Caju,737085.3147051705,vendido
"Avenida Beira-Mar, 870",Jardim dos Ipês,580313.1475030654,vendido
"Travessa das Palmeiras, 437",Jardim dos Ipês,521810.8095863173,vendido
"Avenida Beira-Mar, 565",Jardim dos Ipês,227452.41730311041,anunciado
"Avenida Beira-Mar, 714",Jardim dos Ipês,199480.1078787535,anunciado
"Avenida Central, 83",Porto Azul,60400.11931854981,anunciado
"Rua das Flores, 85",Porto Azul,56911.88058065958,vendido
"Rua das Acácias, 457",Serra Verde,370641.4789015686,vendido
"Rua das Acácias, 1",Jardim dos Ipês,296042.93695700687,vendido
"Travessa das Palmeiras, 685",Porto Azul,87639.45650707933,anunciado
"Avenida Beira-Mar, 772",Vale do Caju,60000.0,vendido
"Rua das Acácias, 449",Jardim dos Ipês,321235.7535644424,vendido
"Rua das Flores, 488",Serra Verde,206089.56418773337,anunciado
"Avenida Central, 348",Serra Verde,260940.4608835812,anunciado
"Avenida Central, 250",Serra Verde,360932.36573961633,vendido
"Avenida Central, 438",Vale do Caju,60000.0,vendido
"Rua das Acácias, 771",Porto Azul,10000.0,vendido
"Travessa das Palmeiras, 306",Vale do Caju,2277865.846083113,anunciado
"Rua do Sol, 961",Jardim dos Ipês,198677.89866007646,vendido
"Rua das Acácias, 236",Serra Verde,20000.0,anunciado
"Avenida Beira-Mar, 990",Vale do Caju,60000.0,vendido
"Rua das Acácias, 763",Vale do Caju,2390680.42118486,anunciado
"Rua das Flores, 401",Porto Azul,79700.253973016,anunciado
"Avenida Beira-Mar, 853",Porto Azul,265901.5244897157,vendido
"Rua das Acácias, 578",Serra Verde,324223.59966744104,anunciado
"Travessa das Palmeiras, 435",Vale do Caju,609019.7775006173,vendido
"Rua das Acácias, 704",Vale do Caju,1365267.2824578555,anunciado
"Rua do Sol, 738",Porto Azul,10000.0,anunciado
"Rua das Acácias, 306",Vale do Caju,60000.0,vendido
"Avenida Central, 850",Vale do Caju,604589.3927162635,anunciado
"Rua das Acácias, 335",Vale do Caju,94257.36103823507,anunciado
"Travessa das Palmeiras, 435",Porto Azul,91922.22114960285,vendido
"Avenida Central, 308",Serra Verde,470742.6091365656,vendido
"Rua das Flores, 166",Jardim dos Ipês,326427.3442671962,anunciado
"Rua das Flores, 984",Serra Verde,566123.4071019178,anunciado
"Rua do Sol, 542",Jardim dos Ipês,339075.05687034887,vendido
"Avenida Central, 563",Vale do Caju,1495476.498896716,vendido
"Rua das Flores, 133",Serra Verde,287185.9399743005,vendido
"Avenida Beira-Mar, 900",Jardim dos Ipês,181944.90332804347,vendido
"Avenida Central, 184",Porto Azul,298056.8055541888,vendido
"Rua das Flores, 330",Porto Azul,79064.97120639333,anunciado
"Rua das Flores, 508",Serra Verde,368768.96462485986,vendido
"Rua do Sol, 984",Serra Verde,453779.4726448946,anunciado
"Avenida Beira-Mar, 546",Vale do Caju,1404895.6226825141,vendido
"Rua das Acácias, 53",Serra Verde,66911.4659559961,vendido
"Avenida Central, 205",Vale do Caju,1531170.2434969596,vendido
"Rua das Acácias, 747",Vale do Caju,312626.85233563796,vendido
"Travessa das Palmeiras, 752",Porto Azul,231070.36553499935,anunciado
"Travessa das Palmeiras, 883",Porto Azul,203517.3471049099,anunciado
"Rua das Flores, 663",Jardim dos Ipês,463726.1323559797,anunciado
"Travessa das Palmeiras, 374",Porto Azul,29499.647890097243,anunciado
"Rua do Sol, 360",Porto Azul,208792.97427343915,anunciado
"Rua do Sol, 696",Serra Verde,517118.7352816344,anunciado
"Rua das Flores, 195",Porto Azul,169339.57831617407,anunciado
"Travessa das Palmeiras, 667",Jardim dos Ipês,136276.66407908464,anunciado
"Avenida Beira-Mar, 672",Serra Verde,483949.5228655981,vendido
"Avenida Central, 61",Jardim dos Ipês,322783.92562015395,anunciado
"Avenida Central, 51",Porto Azul,10000.0,vendido
"Travessa das Palmeiras, 789",Jardim dos Ipês,120762.10753666793,anunciado
"Avenida Beira-Mar, 466",Serra Verde,194741.09375460524,anunciado
"Rua do Sol, 682",Vale do Caju,1803490.9725837938,vendido
"Avenida Beira-Mar, 534",Jardim dos Ipês,566036.6172612428,vendido
"Avenida Beira-Mar, 838",Jardim dos Ipês,565393.7062113353,anunciado
"Rua das Flores, 645",Serra Verde,346472.0555367733,anunciado
"Rua das Flores, 524",Serra Verde,482718.95835583983,vendido
"Avenida Central, 46",Jardim dos Ipês,71844.11826282187,anunciado
"Avenida Central, 945",Porto Azul,150680.30983927712,anunciado
"Rua das Acácias, 730",Jardim dos Ipês,390326.5403299193,vendido
"Avenida Beira-Mar, 923",Serra Verde,85020.18853817598,anunciado
"Rua das Flores, 794",Vale do Caju,1025947.253785122,anunciado
"Rua das Flores, 47",Vale do Caju,1911983.5114826064,vendido
"Rua das Flores, 214",Porto Azul,205876.97845606267,anunciado
"Rua das Acácias, 107",Jardim dos Ipês,483509.0413328241,anunciado
"Avenida Beira-Mar, 337",Vale do Caju,60000.0,vendido
"Avenida Central, 804",Jardim dos Ipês,611593.7698305848,vendido
"Rua das Flores, 8",Serra Verde,262775.5304495661,vendido
"Rua das Flores, 867",Vale do Caju,438788.21155797463,anunciado
"Avenida Beira-Mar, 692",Porto Azul,132536.21481900697,anunciado
"Rua das Acácias, 526",Serra Verde,20000.0,anunciado
"Avenida Central, 28",Porto Azul,254794.20617521426,anunciado
"Rua das Acácias, 216",Serra Verde,232920.85544524144,anunciado
"Avenida Central, 365",Vale do Caju,456821.5127843584,vendido
"Avenida Central, 526",Porto Azul,133194.4934311635,vendido
"Travessa das Palmeiras, 312",Porto Azul,261801.5654576141,vendido
"Travessa das Palmeiras, 7",Serra Verde,326291.68015624414,vendido
"Travessa das Palmeiras, 623",Porto Azul,10000.0,anunciado
"Rua das Acácias, 363",Serra Verde,392996.16594821645,anunciado
"Rua do Sol, 274",Serra Verde,114204.009135475,vendido
"Avenida Central, 806",Serra Verde,20000.0,vendido
"Travessa das Palmeiras, 883",Serra Verde,599201.4425434356,anunciado
"Rua das Flores, 631",Vale do Caju,1174337.9248966132,vendido
"Avenida Beira-Mar, 28",Serra Verde,284345.86723931704,vendido
"Avenida Central, 39",Jardim dos Ipês,230878.09706066025,vendido
"Rua das Flores, 273",Porto Azul,289707.9500733316,vendido
"Rua das Acácias, 474",Jardim dos Ipês,917431.0300396811,anunciado
"Rua das Acácias, 812",Vale do Caju,1169268.3111399098,vendido
"Rua das Flores, 145",Jardim dos Ipês,94073.06353442479,vendido
"Avenida Beira-Mar, 212",Porto Azul,134553.44811320238,vendido
"Rua das Flores, 580",Jardim dos Ipês,386114.5344188098,anunciado
"Avenida Central, 67",Vale do Caju,60000.0,vendido
"Rua das Flores, 109",Serra Verde,366899.8403556235,vendido
"Avenida Central, 111",Jardim dos Ipês,387285.0258986158,vendido
"Rua do Sol, 111",Vale do Caju,1695805.3187923324,vendido
"Rua das Acácias, 34",Vale do Caju,1633273.9814238322,vendido
"Rua das Flores, 748",Porto Azul,161117.2160289536,anunciado
"Travessa das Palmeiras, 554",Porto Azul,301463.6906580358,vendido
"Rua das Flores, 613",Jardim dos Ipês,707135.6638077513,vendido
"Rua das Acácias, 692",Serra Verde,305590.29104889196,anunciado
"Avenida Central, 320",Vale do Caju,1150912.2470806492,vendido
"Avenida Central, 443",Jardim dos Ipês,20000.0,vendido
"Travessa das Palmeiras, 877",Vale do Caju,60000.0,vendido
"Rua das Acácias, 741",Vale do Caju,397082.2115942887,anunciado
"Rua das Flores, 289",Serra Verde,211276.33909658933,vendido
"Avenida Beira-Mar, 662",Serra Verde,80775.3950523863,anunciado
"Avenida Beira-Mar, 710",Jardim dos Ipês,292800.9176045516,anunciado
"Rua das Acácias, 503",Serra Verde,217258.16646507633,vendido
"Rua do Sol, 350",Serra Verde,514179.0462679231,anunciado
"Travessa das Palmeiras, 446",Jardim dos Ipês,205045.2709032584,vendido
"Rua das Acácias, 350",Serra Verde,20000.0,vendido
"Rua das Flores, 759",Porto Azul,162575.117253542,anunciado
"Travessa das Palmeiras, 243",Vale do Caju,891481.1853531965,anunciado
"Avenida Beira-Mar, 548",Vale do Caju,382770.0711573038,anunciado
"Rua das Acácias, 322",Vale do Caju,956999.9300982221,vendido
"Rua do Sol, 732",Vale do Caju,254841.24706419898,vendido
"Travessa das Palmeiras, 4",Jardim dos Ipês,365967.99072466855,anunciado
"Rua das Acácias, 118",Vale do Caju,2479754.662157911,vendido
"Rua das Flores, 606",Vale do Caju,60000.0,vendido
"Rua das Acácias, 947",Vale do Caju,590254.7477945038,vendido
"Rua das Acácias, 441",Vale do Caju,494096.9271305185,vendido
"Avenida Central, 847",Porto Azul,106674.01165124564,anunciado
"Travessa das Palmeiras, 392",Vale do Caju,1511954.7477581846,vendido
"Avenida Central, 435",Porto Azul,204282.65593190244,anunciado
"Avenida Beira-Mar, 300",Jardim dos Ipês,469753.3005212847,vendido
"Avenida Beira-Mar, 326",Serra Verde,306099.1009507196,anunciado
"Avenida Central, 118",Vale do Caju,106740.40803308546,vendido
"Rua do Sol, 787",Serra Verde,77062.92774800406,vendido
"Rua do Sol, 225",Serra Verde,449251.9414933185,vendido
"Rua do Sol, 113",Jardim dos Ipês,334166.37968265946,vendido
"Rua do Sol, 559",Serra Verde,552041.4812157677,vendido
"Rua das Flores, 90",Porto Azul,179326.2103246797,anunciado
"Rua das Acácias, 320",Serra Verde,63397.001333575,anunciado
"Rua das Acácias, 805",Serra Verde,195619.637163369,vendido
"Rua das Acácias, 139",Serra Verde,412962.829936586,vendido
"Rua do Sol, 845",Vale do Caju,1326199.4977431754,vendido
"Travessa das Palmeiras, 259",Vale do Caju,1413065.1792928127,vendido
"Rua das Flores, 902",Porto Azul,45147.5886794807,anunciado
"Avenida Central, 10",Porto Azul,29896.983392307506,anunciado
"Avenida Beira-Mar, 919",Vale do Caju,786118.4881515475,vendido
"Avenida Central, 172",Porto Azul,294007.35165334545,vendido
"Avenida Central, 13",Vale do Caju,483679.0075151892,vendido
"Avenida Central, 596",Jardim dos Ipês,390994.3781201946,anunciado
"Rua das Flores, 319",Serra Verde,391012.22778779303,vendido
"Avenida Beira-Mar, 329",Serra Verde,452154.54993412265,anunciado
"Rua das Flores, 777",Porto Azul,316444.025394821,anunciado
"Travessa das Palmeiras, 911",Vale do Caju,1837143.8548596636,vendido
"Rua das Acácias, 419",Vale do Caju,543236.4996962969,anunciado
"Rua das Acácias, 95",Porto Azul,10000.0,vendido
"Rua das Flores, 581",Vale do Caju,492882.39878115436,anunciado
"Rua das Acácias, 956",Jardim dos Ipês,315134.45880944707,vendido
"Rua do Sol, 946",Serra Verde,227670.94446286856,vendido
"Rua das Acácias, 885",Porto Azul,346789.8942928135,anunciado
"Travessa das Palmeiras, 137",Porto Azul,151878.03043164493,anunciado
"Avenida Central, 588",Vale do Caju,1292227.1281537162,anunciado
"Travessa das Palmeiras, 547",Porto Azul,171721.43096473435,vendido
"Rua das Flores, 296",Jardim dos Ipês,230673.36330183558,anunciado
"Rua das Acácias, 572",Vale do Caju,60000.0,vendido
"Avenida Beira-Mar, 840",Vale do Caju,852829.4168751088,anunciado
"Travessa das Palmeiras, 873",Vale do Caju,2852788.3758924757,vendido
"Avenida Beira-Mar, 270",Vale do Caju,153324.96009729969,anunciado
"Rua do Sol, 798",Jardim dos Ipês,20000.0,anunciado
"Travessa das Palmeiras, 725",Vale do Caju,2061833.581541346,anunciado
"Avenida Beira-Mar, 5",Porto Azul,224208.2969869335,vendido
"Travessa das Palmeiras, 379",Jardim dos Ipês,337483.9761046873,vendido
"Rua das Acácias, 410",Serra Verde,572534.7724734116,anunciado
"Rua das Acácias, 132",Serra Verde,133699.61140878065,vendido
"Rua das Flores, 749",Porto Azul,139340.52390853481,anunciado
"Avenida Central, 89",Porto Azul,245515.4116900823,vendido
"Avenida Central, 296",Jardim dos Ipês,722070.8735640792,vendido
"Rua das Acácias, 800",Serra Verde,66291.13706867833,anunciado
"Travessa das Palmeiras, 637",Serra Verde,556146.8917120789,anunciado
"Rua das Acácias, 865",Serra Verde,376367.8121681968,vendido
"Rua das Flores, 665",Serra Verde,332612.2134858832,vendido
"Rua das Flores, 225",Serra Verde,298454.15554905235,vendido
"Avenida Central, 974",Vale do Caju,69212.02758323809,anunciado
"Avenida Beira-Mar, 616",Porto Azul,246308.89982130323,vendido
"Travessa das Palmeiras, 39",Vale do Caju,430638.5878042033,anunciado
"Travessa das Palmeiras, 198",Serra Verde,84061.8594995306,anunciado
"Rua das Acácias, 579",Jardim dos Ipês,477091.7917800676,vendido
"Travessa das Palmeiras, 968",Jardim dos Ipês,457826.80502933566,anunciado
"Avenida Central, 448",Serra Verde,315800.0167222125,vendido
"Rua do Sol, 15",Serra Verde,515908.72416232823,vendido
"Avenida Beira-Mar, 289",Jardim dos Ipês,585187.3162958231,anunciado
"Rua do Sol, 478",Vale do Caju,1684934.4466953243,vendido
"Travessa das Palmeiras, 420",Vale do Caju,583032.6159588121,vendido
"Avenida Beira-Mar, 550",Serra Verde,502820.98625594244,vendido
"Rua das Flores, 97",Vale do Caju,1026984.5865051893,vendido
"Avenida Beira-Mar, 997",Jardim dos Ipês,645181.5540704748,anunciado
"Travessa das Palmeiras, 951",Vale do Caju,825762.9982396963,anunciado
"Rua das Flores, 254",Serra Verde,228705.6725263339,anunciado
"Rua do Sol, 598",Jardim dos Ipês,177240.62463142467,anunciado
"Avenida Central, 522",Vale do Caju,1013572.7365413333,vendido
"Avenida Beira-Mar, 635",Porto Azul,196672.5467592104,vendido
"Avenida Central, 865",Jardim dos Ipês,397192.45658545423,vendido
"Rua das Acácias, 806",Jardim dos Ipês,369834.50806237134,vendido
"Avenida Beira-Mar, 159",Porto Azul,217103.70126798062,vendido
"Rua do Sol, 877",Porto Azul,127745.81640856017,vendido
"Rua do Sol, 696",Jardim dos Ipês,125496.9368816257,vendido
"Avenida Beira-Mar, 648",Porto Azul,54017.20030863522,vendido
"Avenida Beira-Mar, 157",Serra Verde,495010.2190606937,anunciado
"Rua do Sol, 844",Serra Verde,394064.46210565796,anunciado
"Avenida Beira-Mar, 130",Serra Verde,20000.0,anunciado
"Travessa das Palmeiras, 95",Jardim dos Ipês,519350.6853599881,anunciado
"Travessa das Palmeiras, 755",Porto Azul,338043.5146402655,anunciado
"Rua do Sol, 292",Porto Azul,78408.31492414673,anunciado
"Avenida Central, 811",Vale do Caju,1101696.0277656247,vendido
"Travessa das Palmeiras, 69",Vale do Caju,615925.1438205843,anunciado
"Rua do Sol, 11",Porto Azul,212830.69254711666,anunciado
"Rua das Acácias, 842",Porto Azul,33399.111092477484,anunciado
"Rua das Acácias, 134",Porto Azul,142855.43429012192,anunciado
"Avenida Central, 302",Jardim dos Ipês,496262.8255997562,vendido
"Travessa das Palmeiras, 396",Porto Azul,273571.173929884,anunciado
"Avenida Central, 141",Vale do Caju,1155897.4913518133,anunciado
"Rua das Acácias, 210",Jardim dos Ipês,232190.93935805216,vendido
"Rua das Flores, 993",Porto Azul,10000.0,anunciado
"Rua do Sol, 683",Vale do Caju,445470.17325643095,vendido
"Rua do Sol, 356",Jardim dos Ipês,206145.31904904393,anunciado
"Rua do Sol, 133",Porto Azul,80226.6216698386,anunciado
"Avenida Beira-Mar, 840",Porto Azul,155955.29683136154,vendido
"Avenida Central, 604",Porto Azul,115811.22638287151,anunciado
"Avenida Central, 905",Jardim dos Ipês,334424.27446708863,vendido
"Rua das Acácias, 51",Vale do Caju,1621576.3806285984,anunciado
"Avenida Beira-Mar, 462",Vale do Caju,656122.667262383,vendido
"Rua das Flores, 726",Serra Verde,23426.604549155047,anunciado
"Travessa das Palmeiras, 407",Porto Azul,79829.2401875125,vendido
"Rua das Flores, 814",Serra Verde,416717.69399465434,anunciado
"Avenida Beira-Mar, 405",Serra Verde,435588.7569905346,vendido
"Avenida Central, 622",Vale do Caju,1143651.1182097406,anunciado
"Rua do Sol, 182",Jardim dos Ipês,560147.4611776031,anunciado
"Rua das Flores, 1",Jardim dos Ipês,262727.3860246029,anunciado
"Rua das Acácias, 567",Vale do Caju,2131299.6888055946,anunciado
"Travessa das Palmeiras, 936",Jardim dos Ipês,463637.4272211814,anunciado
"Avenida Beira-Mar, 431",Serra Verde,20000.0,vendido
"Rua das Flores, 309",Porto Azul,330065.8629963566,vendido
"Rua das Flores, 202",Vale do Caju,439808.033918567,vendido
"Rua do Sol, 313",Porto Azul,46589.88105430693,anunciado
"Avenida Beira-Mar, 666",Jardim dos Ipês,404754.22196657874,anunciado
"Rua das Flores, 803",Porto Azul,10000.0,vendido
"Rua do Sol, 537",Jardim dos Ipês,160906.15373567733,anunciado
"Avenida Central, 75",Jardim dos Ipês,611419.7081248414,anunciado
"Rua das Acácias, 386",Serra Verde,411243.5157995005,anunciado
"Avenida Central, 475",Jardim dos Ipês,462447.9561878439,vendido
"Avenida Central, 347",Serra Verde,168617.8799005052,vendido
"Rua das Flores, 640",Serra Verde,20000.0,vendido
"Travessa das Palmeiras, 955",Serra Verde,441363.48586274683,anunciado
"Rua do Sol, 763",Vale do Caju,1458153.6937451703,vendido
"Travessa das Palmeiras, 182",Vale do Caju,1430996.0316486657,vendido
"Rua das Flores, 967",Jardim dos Ipês,341813.8460235731,anunciado
"Rua do Sol, 710",Serra Verde,106586.35130558585,anunciado
"Avenida Beira-Mar, 856",Vale do Caju,2362661.752835838,anunciado
"Rua das Flores, 177",Serra Verde,395957.4885968351,vendido
"Avenida Beira-Mar, 63",Porto Azul,132611.3358410832,vendido
"Travessa das Palmeiras, 662",Porto Azul,133055.07625166324,anunciado
"Avenida Central, 156",Porto Azul,164959.7478073554,vendido
"Avenida Central, 469",Jardim dos Ipês,513921.6524315962,vendido
"Rua das Flores, 967",Serra Verde,337925.6246610905,vendido
"Rua das Flores, 84",Porto Azul,235851.31534474972,vendido
"Rua das Flores, 689",Vale do Caju,990838.6127359243,vendido
"Rua do Sol, 630",Porto Azul,138764.61085296192,vendido
"Rua das Acácias, 476",Porto Azul,214125.0393328389,vendido
"Avenida Beira-Mar, 360",Porto Azul,210328.60336737963,vendido
"Rua das Flores, 327",Jardim dos Ipês,266073.176180969,anunciado
"Rua das Flores, 736",Vale do Caju,450475.8253714444,anunciado
"Avenida Beira-Mar, 990",Serra Verde,368345.7829480869,anunciado
"Travessa das Palmeiras, 891",Vale do Caju,947009.2013775564,vendido
"Travessa das Palmeiras, 318",Serra Verde,189025.6574458485,vendido
"Rua das Acácias, 285",Jardim dos Ipês,131519.90349264065,anunciado
"Rua das Flores, 429",Jardim dos Ipês,382095.16877889127,anunciado
"Avenida Beira-Mar, 286",Jardim dos Ipês,410019.0114055389,vendido
"Travessa das Palmeiras, 18",Jardim dos Ipês,227993.57706902787,vendido
"Rua das Flores, 590",Serra Verde,184012.59281741487,anunciado
"Travessa das Palmeiras, 175",Porto Azul,66974.48109628094,vendido
"Avenida Central, 194",Serra Verde,376450.9878289838,vendido
"Rua das Acácias, 988",Vale do Caju,417613.755815558,anunciado
"Rua das Flores, 114",Jardim dos Ipês,748226.9138041462,vendido
"Rua das Acácias, 678",Jardim dos Ipês,217943.7128058006,vendido
"Travessa das Palmeiras, 831",Vale do Caju,60000.0,vendido
"Rua do Sol, 897",Serra Verde,293965.66667417303,anunciado
"Avenida Beira-Mar, 55",Porto Azul,142696.65201811976,vendido
"Travessa das Palmeiras, 800",Porto Azul,261171.85675241885,vendido
"Avenida Central, 458",Vale do Caju,1072875.7420366225,vendido
"Travessa das Palmeiras, 878",Porto Azul,66616.48165601978,anunciado
"Avenida Central, 380",Serra Verde,242721.6253006447,vendido
"Rua das Flores, 87",Serra Verde,365483.95433019754,anunciado
"Rua do Sol, 800",Vale do Caju,60000.0,vendido
"Avenida Central, 391",Serra Verde,567724.3468780902,anunciado
"Avenida Beira-Mar, 8",Jardim dos Ipês,133766.02283906704,anunciado
"Rua das Flores, 313",Vale do Caju,1750226.2925685702,vendido
"Travessa das Palmeiras, 984",Serra Verde,378493.0282253177,vendido
"Travessa das Palmeiras, 767",Vale do Caju,1277756.4818363846,vendido
"Avenida Beira-Mar, 328",Porto Azul,264942.34360012726,vendido
"Rua das Acácias, 761",Serra Verde,414626.41053849965,anunciado
"Avenida Beira-Mar, 579",Jardim dos Ipês,434577.24326349027,vendido
"Travessa das Palmeiras, 609",Serra Verde,267116.71190772374,vendido
"Rua do Sol, 264",Vale do Caju,1123301.2088832571,vendido
"Avenida Central, 803",Vale do Caju,547501.3110169542,anunciado
"Rua das Acácias, 288",Serra Verde,231317.7800824065,vendido
"Rua das Acácias, 491",Jardim dos Ipês,692939.0095937818,vendido
"Rua do Sol, 500",Jardim dos Ipês,138361.28298991566,vendido
"Avenida Beira-Mar, 182",Jardim dos Ipês,330863.42532725615,anunciado
"Avenida Beira-Mar, 910",Vale do Caju,968081.4220292857,anunciado
"Avenida Central, 7",Serra Verde,237849.10564384016,vendido
"Avenida Central, 775",Porto Azul,201440.0936570438,vendido
"Rua das Flores, 151",Vale do Caju,1253833.2556448297,vendido
"Avenida Beira-Mar, 147",Jardim dos Ipês,114836.16337048417,vendido
"Avenida Beira-Mar, 915",Serra Verde,320271.3423093103,anunciado
"Rua do Sol, 285",Jardim dos Ipês,83526.53224552862,anunciado
"Rua do Sol, 82",Porto Azul,228854.86183173012,vendido
"Avenida Central, 897",Jardim dos Ipês,335297.46207252506,anunciado
"Avenida Beira-Mar, 916",Jardim dos Ipês,316465.9773434175,vendido
"Travessa das Palmeiras, 746",Porto Azul,215903.1348872403,anunciado
"Avenida Central, 707",Serra Verde,244897.94190631981,anunciado
"Rua do Sol, 532",Vale do Caju,1448413.1755309228,vendido
"Avenida Beira-Mar, 805",Serra Verde,110311.02544877282,anunciado
"Rua das Acácias, 256",Porto Azul,291187.6518894527,vendido
"Rua das Acácias, 905",Jardim dos Ipês,189817.76348902925,vendido
"Avenida Central, 53",Serra Verde,20000.0,vendido
"Rua do Sol, 867",Vale do Caju,702879.0549223609,vendido
"Rua do Sol, 506",Porto Azul,105803.18027457909,anunciado
"Rua das Acácias, 364",Serra Verde,232785.2027699927,anunciado
"Rua das Flores, 714",Vale do Caju,1038988.8092903896,anunciado
"Rua das Acácias, 632",Porto Azul,259784.23608882725,anunciado
"Travessa das Palmeiras, 727",Vale do Caju,784976.451661718,anunciado
"Rua das Flores, 882",Porto Azul,80838.24301810992,vendido
"Travessa das Palmeiras, 209",Jardim dos Ipês,74690.63754324056,vendido
"Rua das Acácias, 521",Serra Verde,206363.44173819112,vendido
"Avenida Central, 237",Vale do Caju,60000.0,anunciado
"Rua das Flores, 359",Porto Azul,77486.69064836389,anunciado
"Rua das Flores, 758",Vale do Caju,1646432.3375173118,vendido
"Rua das Acácias, 235",Vale do Caju,405984.47725294624,anunciado
"Rua das Acácias, 4",Serra Verde,425743.172160061,anunciado
"Avenida Central, 442",Jardim dos Ipês,54703.58203830203,anunciado
"Avenida Beira-Mar, 109",Vale do Caju,1962657.5395863326,vendido
"Avenida Central, 727",Porto Azul,333760.67330647097,vendido
"Avenida Beira-Mar, 75",Porto Azul,209102.15565598762,vendido
"Rua das Acácias, 146",Jardim dos Ipês,698250.5203287043,vendido
"Avenida Beira-Mar, 42",Porto Azul,185579.29749276623,vendido
"Rua do Sol, 41",Jardim dos Ipês,453703.42282991123,vendido
"Rua das Acácias, 34",Porto Azul,276193.3876731535,vendido
"Rua das Flores, 677",Serra Verde,335943.6906196898,anunciado
"Rua das Flores, 998",Vale do Caju,60000.0,vendido
"Avenida Central, 588",Serra Verde,457792.67104687955,anunciado
"Avenida Beira-Mar, 874",Vale do Caju,616884.2433399218,vendido
"Rua das Acácias, 981",Vale do Caju,661482.1074267239,vendido
"Travessa das Palmeiras, 825",Vale do Caju,1078736.9498872138,anunciado
"Rua das Acácias, 731",Serra Verde,413256.1759434741,vendido
"Avenida Central, 268",Vale do Caju,990080.7804037309,vendido
"Avenida Beira-Mar, 821",Serra Verde,427145.9072314617,anunciado
"Avenida Central, 685",Jardim dos Ipês,158628.57318796072,vendido
"Rua das Flores, 922",Porto Azul,145729.62052767165,vendido
"Avenida Beira-Mar, 476",Porto Azul,234908.54504508708,vendido
"Rua das Acácias, 634",Vale do Caju,1963674.7058620295,vendido
"Rua das Acácias, 576",Serra Verde,725287.1177946418,anunciado
"Avenida Central, 822",Porto Azul,193297.66827277315,vendido
"Travessa das Palmeiras, 705",Serra Verde,468001.9653491215,anunciado
"Travessa das Palmeiras, 693",Serra Verde,696315.8329630382,anunciado
"Rua do Sol, 371",Vale do Caju,497498.3779599033,anunciado
"Avenida Central, 29",Porto Azul,212969.98527125834,anunciado
"Avenida Beira-Mar, 779",Vale do Caju,1361005.7696916875,anunciado
"Travessa das Palmeiras, 512",Vale do Caju,1768716.8616460469,vendido
"Rua do Sol, 113",Porto Azul,36285.86194637777,anunciado
"Travessa das Palmeiras, 807",Porto Azul,56059.42161994832,anunciado
"Travessa das Palmeiras, 310",Jardim dos Ipês,304276.4422209412,anunciado
"Avenida Central, 55",Jardim dos Ipês,375545.5324643271,vendido
"Rua das Acácias, 406",Serra Verde,524572.7907467615,vendido
"Avenida Beira-Mar, 312",Porto Azul,201754.3775812271,vendido
"Rua das Flores, 762",Jardim dos Ipês,269717.35397794325,anunciado
"Rua do Sol, 751",Serra Verde,383292.28895122814,vendido
"Rua do Sol, 467",Serra Verde,360208.8952548903,anunciado
"Travessa das Palmeiras, 244",Serra Verde,649003.2859975577,vendido
"Travessa das Palmeiras, 849",Jardim dos Ipês,333131.7887137065,vendido
"Rua das Acácias, 507",Porto Azul,111691.65864474363,vendido
"Avenida Beira-Mar, 482",Vale do Caju,1169765.4180430977,vendido
"Rua das Flores, 154",Serra Verde,339697.0638677064,vendido
"Avenida Central, 501",Jardim dos Ipês,20000.0,vendido
"Rua das Flores, 713",Jardim dos Ipês,296869.5876755662,anunciado
"Rua das Flores, 641",Vale do Caju,839557.0527563968,vendido
"Rua das Flores, 61",Vale do Caju,573676.8805324102,vendido
"Travessa das Palmeiras, 616",Jardim dos Ipês,507116.65752459446,anunciado
"Avenida Central, 25",Porto Azul,71432.0403388004,anunciado
"Travessa das Palmeiras, 131",Vale do Caju,1173371.171714723,anunciado
"Avenida Central, 229",Jardim dos Ipês,270428.6000312539,vendido
"Rua do Sol, 172",Vale do Caju,964617.0033880696,anunciado
"Travessa das Palmeiras, 478",Porto Azul,191178.6291045867,anunciado
"Rua das Acácias, 866",Serra Verde,38485.12322179976,vendido
"Rua do Sol, 275",Vale do Caju,1014996.5350408696,vendido
"Avenida Beira-Mar, 44",Porto Azul,378894.7489713207,vendido
"Travessa das Palmeiras, 817",Jardim dos Ipês,20000.0,vendido
"Avenida Beira-Mar, 17",Vale do Caju,865435.2217706972,anunciado
"Avenida Central, 569",Vale do Caju,1573943.5948942918,vendido
"Rua das Flores, 815",Jardim dos Ipês,360323.8495907194,anunciado
"Rua do Sol, 318",Serra Verde,437593.39042320667,vendido
"Travessa das Palmeiras, 776",Jardim dos Ipês,20000.0,vendido
"Avenida Beira-Mar, 81",Vale do Caju,1258949.6247779701,vendido
"Avenida Beira-Mar, 374",Jardim dos Ipês,147662.3587532803,vendido
"Rua das Acácias, 200",Porto Azul,180987.72845831467,anunciado
"Rua das Flores, 466",Jardim dos Ipês,294113.0538181018,anunciado
"Rua das Flores, 268",Vale do Caju,2266999.81749698,vendido
"Travessa das Palmeiras, 922",Jardim dos Ipês,409339.06475317513,vendido
"Rua das Flores, 877",Serra Verde,277475.2341474428,vendido
"Avenida Central, 47",Jardim dos Ipês,20000.0,anunciado
"Avenida Central, 16",Serra Verde,324229.38036997936,vendido
"Rua das Flores, 919",Porto Azul,232322.88783468227,vendido
"Avenida Central, 981",Serra Verde,283889.62163615535,anunciado
"Rua das Acácias, 250",Jardim dos Ipês,198868.7280125118,anunciado
"Rua das Acácias, 335",Vale do Caju,556448.0016922089,vendido
"Avenida Beira-Mar, 519",Serra Verde,407028.28709106415,vendido
"Rua das Flores, 883",Porto Azul,225938.7939309157,anunciado
"Avenida Central, 827",Serra Verde,572242.0230642238,anunciado
"Avenida Beira-Mar, 594",Serra Verde,101000.0213579284,vendido
"Rua das Acácias, 372",Serra Verde,405195.51168352336,anunciado
"Travessa das Palmeiras, 402",Porto Azul,137829.6045582133,anunciado
"Travessa das Palmeiras, 490",Jardim dos Ipês,281553.1590733439,vendido
"Rua das Flores, 526",Serra Verde,380365.17080680036,vendido
"Travessa das Palmeiras, 620",Serra Verde,381531.25072498946,vendido
"Rua do Sol, 813",Vale do Caju,1217260.8634749441,anunciado
"Avenida Central, 131",Porto Azul,44252.880780419,vendido
"Avenida Beira-Mar, 171",Serra Verde,150037.71856670827,anunciado
"Avenida Central, 183",Porto Azul,298586.8275517684,anunciado
"Rua do Sol, 39",Serra Verde,255885.506503832,vendido
"Rua das Flores, 516",Jardim dos Ipês,361202.8796035793,anunciado
"Avenida Beira-Mar, 982",Jardim dos Ipês,510933.2624086372,anunciado
"Rua das Flores, 397",Serra Verde,392688.6144721638,vendido
"Avenida Central, 161",Jardim dos Ipês,409304.52619440784,vendido
"Avenida Beira-Mar, 426",Serra Verde,478915.5358487513,vendido
"Rua do Sol, 894",Jardim dos Ipês,20000.0,anunciado
"Avenida Central, 311",Vale do Caju,606029.9069036791,anunciado
"Travessa das Palmeiras, 170",Vale do Caju,1181163.477899755,vendido
"Avenida Central, 414",Vale do Caju,1732586.5842345944,anunciado
"Travessa das Palmeiras, 759",Porto Azul,156609.5559655773,vendido
"Avenida Beira-Mar, 141",Porto Azul,65528.35382439045,vendido
"Avenida Central, 416",Vale do Caju,409148.37023369863,vendido
"Travessa das Palmeiras, 891",Porto Azul,238386.1203453074,vendido
"Rua das Acácias, 29",Jardim dos Ipês,256445.28352162265,vendido
"Rua das Acácias, 477",Serra Verde,298559.99084193265,vendido
"Rua das Acácias, 245",Serra Verde,423006.03875446384,vendido
"Rua do Sol, 697",Serra Verde,20000.0,anunciado
"Rua do Sol, 239",Vale do Caju,2100220.506904849,vendido
"Rua das Flores, 266",Porto Azul,76892.61649489387,vendido
"Rua das Acácias, 921",Jardim dos Ipês,348387.27389471437,vendido
"Rua do Sol, 389",Jardim dos Ipês,20000.0,anunciado
"Rua das Flores, 990",Vale do Caju,646475.3337569775,vendido
"Rua das Flores, 3",Jardim dos Ipês,548937.6092730194,vendido
"Avenida Beira-Mar, 142",Jardim dos Ipês,20000.0,anunciado
"Rua das Acácias, 324",Jardim dos Ipês,525240.0174378282,vendido
"Avenida Central, 958",Jardim dos Ipês,245260.78075352314,vendido
"Avenida Beira-Mar, 665",Porto Azul,198716.4440220192,anunciado
"Rua das Flores, 949",Jardim dos Ipês,431504.88269702205,vendido
"Rua das Acácias, 975",Serra Verde,388284.29989818507,vendido
"Rua das Flores, 399",Vale do Caju,381029.6090215041,vendido
"Rua das Flores, 889",Porto Azul,113545.08534649764,vendido
"Rua do Sol, 140",Jardim dos Ipês,20000.0,vendido
"Travessa das Palmeiras, 805",Porto Azul,199179.63315880796,vendido
"Avenida Beira-Mar, 997",Jardim dos Ipês,640411.0308031852,vendido
"Travessa das Palmeiras, 380",Serra Verde,20000.0,vendido
"Rua das Acácias, 807",Vale do Caju,443012.4563171787,anunciado
"Rua das Acácias, 344",Jardim dos Ipês,263644.94482341333,vendido
"Travessa das Palmeiras, 62",Jardim dos Ipês,334668.2847427109,vendido
"Avenida Beira-Mar, 226",Jardim dos Ipês,475835.2602868853,anunciado
"Rua das Flores, 711",Jardim dos Ipês,269560.00392846664,anunciado
"Rua do Sol, 772",Vale do Caju,710424.7641326098,vendido
"Travessa das Palmeiras, 584",Vale do Caju,1561878.4236418444,anunciado
"Rua do Sol, 861",Serra Verde,432399.113412661,vendido
"Rua das Acácias, 885",Vale do Caju,1223386.7854206592,vendido
"Travessa das Palmeiras, 493",Jardim dos Ipês,322503.14231762284,anunciado
"Rua das Acácias, 330",Serra Verde,496630.44218397175,vendido
"Travessa das Palmeiras, 226",Serra Verde,168738.1217539467,vendido
"Rua das Flores, 218",Serra Verde,141461.14356278436,vendido
"Rua das Flores, 753",Jardim dos Ipês,449220.1973738648,vendido
"Avenida Central, 259",Porto Azul,10000.0,vendido
"Rua das Acácias, 517",Jardim dos Ipês,318435.9019272974,anunciado
"Avenida Beira-Mar, 54",Vale do Caju,710064.9886424928,vendido
"Rua das Flores, 521",Vale do Caju,60000.0,anunciado
"Travessa das Palmeiras, 20",Jardim dos Ipês,113746.48405674711,vendido
"Avenida Central, 753",Jardim dos Ipês,278204.78154093015,anunciado
"Avenida Beira-Mar, 891",Serra Verde,506792.65129980457,anunciado
"Avenida Central, 419",Jardim dos Ipês,169408.40174843778,anunciado
"Avenida Central, 850",Serra Verde,542676.2799809987,vendido
"Rua das Acácias, 145",Vale do Caju,937907.5365339098,vendido
"Travessa das Palmeiras, 160",Serra Verde,562076.9404339942,vendido
"Travessa das Palmeiras, 998",Jardim dos Ipês,179101.67824399035,anunciado
"Avenida Beira-Mar, 120",Vale do Caju,870714.2471367789,anunciado
"Avenida Beira-Mar, 89",Porto Azul,186848.36033369956,vendido
"Rua das Flores, 580",Serra Verde,264097.9074516976,vendido
"Rua das Acácias, 357",Vale do Caju,1471814.4882871415,vendido
"Avenida Central, 267",Serra Verde,20000.0,anunciado
"Rua das Flores, 952",Vale do Caju,2353443.323273964,vendido
"Travessa das Palmeiras, 635",Vale do Caju,1414664.7641970972,anunciado
"Rua do Sol, 541",Serra Verde,265293.6341929967,anunciado
"Rua das Flores, 195",Porto Azul,94767.83264226557,vendido
"Rua das Flores, 738",Vale do Caju,380147.6331308674,vendido
"Rua do Sol, 170",Vale do Caju,1287369.2845018422,vendido
"Rua das Flores, 463",Vale do Caju,1496989.0012754123,vendido
"Rua das Flores, 261",Porto Azul,133747.38718701006,vendido
"Travessa das Palmeiras, 955",Porto Azul,260699.04129785026,vendido
"Avenida Central, 984",Jardim dos Ipês,118547.99064777553,anunciado
"Rua do Sol, 975",Serra Verde,83237.8300026328,vendido
"Rua das Acácias, 328",Porto Azul,331334.12052455486,vendido
"Travessa das Palmeiras, 901",Serra Verde,418221.7227077086,anunciado
"Avenida Central, 914",Jardim dos Ipês,579369.6403626655,anunciado
"Rua das Acácias, 37",Serra Verde,129212.05832246147,vendido
"Rua do Sol, 688",Porto Azul,57647.460823126996,vendido
"Avenida Beira-Mar, 796",Serra Verde,228278.13610849157,vendido
"Avenida Beira-Mar, 973",Porto Azul,67594.11584609882,anunciado
"Rua das Flores, 114",Serra Verde,441073.0420456902,anunciado
"Avenida Beira-Mar, 224",Porto Azul,74887.39430735545,anunciado
"Rua das Acácias, 349",Porto Azul,32833.01419327097,vendido
"Travessa das Palmeiras, 698",Serra Verde,328403.08245104644,anunciado
"Travessa das Palmeiras, 568",Jardim dos Ipês,42002.76483495734,vendido
"Avenida Central, 40",Vale do Caju,60000.0,vendido
"Travessa das Palmeiras, 973",Jardim dos Ipês,326651.4467722555,vendido
"Avenida Beira-Mar, 289",Serra Verde,20000.0,vendido
"Rua das Acácias, 216",Jardim dos Ipês,455055.8792590846,vendido
"Travessa das Palmeiras, 336",Porto Azul,10466.62737472041,anunciado
"Rua do Sol, 353",Vale do Caju,60000.0,anunciado
"Travessa das Palmeiras, 571",Serra Verde,241240.66997184115,vendido
"Rua das Flores, 781",Serra Verde,328918.9006592969,vendido
"Travessa das Palmeiras, 557",Serra Verde,398295.01273638813,vendido
"Rua das Flores, 693",Vale do Caju,1003209.4194095121,vendido
"Avenida Central, 356",Porto Azul,44068.73788822576,vendido
"Travessa das Palmeiras, 422",Serra Verde,442612.2361853208,anunciado
"Rua do Sol, 7",Jardim dos Ipês,492027.7012959492,vendido
"Avenida Beira-Mar, 747",Serra Verde,58847.574308892275,vendido
"Avenida Beira-Mar, 826",Serra Verde,263798.77226807724,vendido
"Rua das Flores, 31",Serra Verde,245111.99457819609,anunciado
"Avenida Central, 394",Serra Verde,344076.31655760674,anunciado
"Travessa das Palmeiras, 437",Porto Azul,129507.62082258912,anunciado
"Rua das Acácias, 551",Jardim dos Ipês,286424.44558540464,anunciado
"Avenida Central, 356",Porto Azul,214181.55302416912,vendido
"Avenida Central, 718",Jardim dos Ipês,77229.38007977334,vendido
"Avenida Beira-Mar, 989",Serra Verde,447474.62705216487,anunciado
"Rua do Sol, 295",Vale do Caju,1584679.6389187505,vendido
"Avenida Central, 224",Porto Azul,313413.49934888683,vendido
"Avenida Beira-Mar, 46",Vale do Caju,60000.0,vendido
"Travessa das Palmeiras, 113",Porto Azul,131709.8342884782,vendido
"Rua das Flores, 17",Serra Verde,20000.0,vendido
"Avenida Central, 700",Porto Azul,10000.0,vendido
"Avenida Beira-Mar, 675",Serra Verde,328818.6095214957,anunciado
"Rua das Acácias, 467",Porto Azul,110084.82071496383,vendido
"Rua das Acácias, 455",Serra Verde,359970.1903541493,vendido
"Avenida Central, 233",Serra Verde,397225.5380174632,vendido
"Avenida Central, 831",Jardim dos Ipês,549579.1916215841,vendido
